[{"model": "tstpedido.produto", "pk": "ABACX-001", "fields": {"especie": 1, "nm_tipo": "P\u00e9rola", "unidade": 2}}, {"model": "tstpedido.produto", "pk": "ABACX-002", "fields": {"especie": 1, "nm_tipo": "Jupi", "unidade": 2}}, {"model": "tstpedido.produto", "pk": "ABACX-003", "fields": {"especie": 1, "nm_tipo": "Boituva", "unidade": 2}}, {"model": "tstpedido.produto", "pk": "ABACX-004", "fields": {"especie": 1, "nm_tipo": "Lago_Santo", "unidade": 1}}, {"model": "tstpedido.produto", "pk": "ABACX-005", "fields": {"especie": 1, "nm_tipo": "Rondon", "unidade": 2}}, {"model": "tstpedido.produto", "pk": "ABACX-006", "fields": {"especie": 1, "nm_tipo": "Salvaterra", "unidade": 2}}, {"model": "tstpedido.produto", "pk": "Laran-001", "fields": {"especie": 2, "nm_tipo": "Pera", "unidade": 3}}, {"model": "tstpedido.produto", "pk": "Laran-002", "fields": {"especie": 2, "nm_tipo": "Lima", "unidade": 3}}, {"model": "tstpedido.produto", "pk": "Laran-003", "fields": {"especie": 2, "nm_tipo": "Da_Terra", "unidade": 3}}, {"model": "tstpedido.produto", "pk": "Laran-004", "fields": {"especie": 2, "nm_tipo": "Seleta", "unidade": 3}}, {"model": "tstpedido.produto", "pk": "Broco-001", "fields": {"especie": 3, "nm_tipo": "Ninja", "unidade": 4}}, {"model": "tstpedido.produto", "pk": "Broco-002", "fields": {"especie": 3, "nm_tipo": "Japones", "unidade": 4}}, {"model": "tstpedido.produto", "pk": "Alfac-001", "fields": {"especie": 4, "nm_tipo": "Americana", "unidade": 5}}, {"model": "tstpedido.produto", "pk": "Alfac-002", "fields": {"especie": 4, "nm_tipo": "Lisa", "unidade": 5}}, {"model": "tstpedido.produto", "pk": "Alfac-003", "fields": {"especie": 4, "nm_tipo": "Crespa", "unidade": 5}}, {"model": "tstpedido.produto", "pk": "Alfac-004", "fields": {"especie": 4, "nm_tipo": "Mimosa", "unidade": 5}}, {"model": "tstpedido.produto", "pk": "Alfac-005", "fields": {"especie": 4, "nm_tipo": "Romana", "unidade": 5}}, {"model": "tstpedido.produto", "pk": "Abob-001", "fields": {"especie": 5, "nm_tipo": "Paulista", "unidade": 2}}, {"model": "tstpedido.produto", "pk": "Abob-002", "fields": {"especie": 5, "nm_tipo": "De_Pescoco", "unidade": 2}}, {"model": "tstpedido.produto", "pk": "Abob-003", "fields": {"especie": 5, "nm_tipo": "Moranga", "unidade": 2}}, {"model": "tstpedido.unidade", "pk": 1, "fields": {"nm_unidade": "quilo", "abreviatura": "Kg"}}, {"model": "tstpedido.unidade", "pk": 2, "fields": {"nm_unidade": "unidade", "abreviatura": "un"}}, {"model": "tstpedido.unidade", "pk": 3, "fields": {"nm_unidade": "d\u00fazia", "abreviatura": "dz"}}, {"model": "tstpedido.unidade", "pk": 4, "fields": {"nm_unidade": "ma\u00e7o", "abreviatura": "m\u00e7"}}, {"model": "tstpedido.unidade", "pk": 5, "fields": {"nm_unidade": "pacote", "abreviatura": "pacote"}}, {"model": "tstpedido.preco", "pk": 1, "fields": {"produto": "ABACX-001", "valor": "6.51"}}, {"model": "tstpedido.preco", "pk": 2, "fields": {"produto": "ABACX-002", "valor": "10.50"}}, {"model": "tstpedido.preco", "pk": 3, "fields": {"produto": "ABACX-003", "valor": "11.30"}}, {"model": "tstpedido.preco", "pk": 4, "fields": {"produto": "ABACX-004", "valor": "9.85"}}, {"model": "tstpedido.preco", "pk": 5, "fields": {"produto": "ABACX-005", "valor": "8.15"}}, {"model": "tstpedido.preco", "pk": 6, "fields": {"produto": "ABACX-006", "valor": "9.33"}}, {"model": "tstpedido.preco", "pk": 10, "fields": {"produto": "Laran-001", "valor": "15.66"}}, {"model": "tstpedido.preco", "pk": 11, "fields": {"produto": "Laran-002", "valor": "12.33"}}, {"model": "tstpedido.preco", "pk": 12, "fields": {"produto": "Laran-003", "valor": "12.66"}}, {"model": "tstpedido.preco", "pk": 13, "fields": {"produto": "Laran-004", "valor": "13.25"}}, {"model": "tstpedido.preco", "pk": 14, "fields": {"produto": "Broco-001", "valor": "6.15"}}, {"model": "tstpedido.preco", "pk": 15, "fields": {"produto": "Broco-002", "valor": "7.13"}}, {"model": "tstpedido.preco", "pk": 16, "fields": {"produto": "Alfac-001", "valor": "5.61"}}, {"model": "tstpedido.preco", "pk": 17, "fields": {"produto": "Alfac-002", "valor": "13.66"}}, {"model": "tstpedido.preco", "pk": 18, "fields": {"produto": "Alfac-004", "valor": "6.88"}}, {"model": "tstpedido.preco", "pk": 19, "fields": {"produto": "Alfac-005", "valor": "5.98"}}, {"model": "tstpedido.preco", "pk": 20, "fields": {"produto": "Abob-001", "valor": "13.21"}}, {"model": "tstpedido.preco", "pk": 21, "fields": {"produto": "Abob-002", "valor": "10.21"}}, {"model": "tstpedido.preco", "pk": 22, "fields": {"produto": "Alfac-003", "valor": "5.15"}}]